{"cameraMode":{"drawMode":0,"name":"Shaded","section":"Shading Mode"},"sceneLighting":true,"audioPlay":false,"sceneViewState":{"showFog":true,"showMaterialUpdate":false,"showSkybox":true,"showFlares":true,"showImageEffects":true,"showParticleSystems":true},"in2DMode":false,"pivot":{"x":-2768.408447265625,"y":-1068.907958984375,"z":4019.035888671875},"rotation":{"x":-0.11152859777212143,"y":0.3886606693267822,"z":-0.047452494502067569,"w":-0.913385272026062},"size":5087.78369140625,"orthographic":false}