{"cameraMode":{"drawMode":0,"name":"Shaded","section":"Shading Mode"},"sceneLighting":true,"audioPlay":false,"sceneViewState":{"showFog":false,"showMaterialUpdate":false,"showSkybox":true,"showFlares":false,"showImageEffects":false,"showParticleSystems":false},"in2DMode":false,"pivot":{"x":-0.4945908486843109,"y":-0.07094737887382508,"z":-0.005176849197596312},"rotation":{"x":0.026384390890598298,"y":0.9674597978591919,"z":-0.22448541224002839,"w":0.11371222883462906},"size":2.496847152709961,"orthographic":false}