{"cameraMode":{"drawMode":0,"name":"Shaded","section":"Shading Mode"},"sceneLighting":true,"audioPlay":false,"sceneViewState":{"showFog":false,"showMaterialUpdate":false,"showSkybox":false,"showFlares":false,"showImageEffects":false,"showParticleSystems":false},"in2DMode":false,"pivot":{"x":-0.5260000228881836,"y":0.04995131492614746,"z":0.006049990653991699},"rotation":{"x":0.0792774111032486,"y":0.9029213190078735,"z":-0.1896234154701233,"w":0.37749800086021426},"size":2.87519907951355,"orthographic":false}