{"cameraMode":{"drawMode":0,"name":"Shaded","section":"Shading Mode"},"sceneLighting":true,"audioPlay":false,"sceneViewState":{"showFog":false,"showMaterialUpdate":false,"showSkybox":true,"showFlares":false,"showImageEffects":false,"showParticleSystems":false},"in2DMode":false,"pivot":{"x":4.794761657714844,"y":-2.2054920196533205,"z":-3.7021448612213136},"rotation":{"x":0.0792774111032486,"y":0.9029213190078735,"z":-0.1896234154701233,"w":0.37749800086021426},"size":9.696088790893555,"orthographic":false}