{"cameraMode":{"drawMode":0,"name":"Shaded","section":"Shading Mode"},"sceneLighting":true,"audioPlay":false,"sceneViewState":{"showFog":false,"showMaterialUpdate":false,"showSkybox":true,"showFlares":false,"showImageEffects":false,"showParticleSystems":false},"in2DMode":false,"pivot":{"x":37.127098083496097,"y":-20.655227661132814,"z":-40.13364791870117},"rotation":{"x":0.06930744647979737,"y":0.9120427370071411,"z":-0.17304785549640656,"w":0.365339070558548},"size":63.025142669677737,"orthographic":false}